{
  "hash": "64b990d2",
  "configHash": "d85341b9",
  "lockfileHash": "81efcb2f",
  "browserHash": "6c44822f",
  "optimized": {
    "@angular/core": {
      "src": "../../../../../../node_modules/@angular/core/fesm2022/core.mjs",
      "file": "@angular_core.js",
      "fileHash": "d4bf7d40",
      "needsInterop": false
    },
    "@angular/platform-browser": {
      "src": "../../../../../../node_modules/@angular/platform-browser/fesm2022/platform-browser.mjs",
      "file": "@angular_platform-browser.js",
      "fileHash": "c89304f5",
      "needsInterop": false
    },
    "@angular/router": {
      "src": "../../../../../../node_modules/@angular/router/fesm2022/router.mjs",
      "file": "@angular_router.js",
      "fileHash": "5244d5f4",
      "needsInterop": false
    },
    "@angular/common": {
      "src": "../../../../../../node_modules/@angular/common/fesm2022/common.mjs",
      "file": "@angular_common.js",
      "fileHash": "4222b338",
      "needsInterop": false
    },
    "@angular/common/http": {
      "src": "../../../../../../node_modules/@angular/common/fesm2022/http.mjs",
      "file": "@angular_common_http.js",
      "fileHash": "45fdfe0e",
      "needsInterop": false
    },
    "@ngx-translate/http-loader": {
      "src": "../../../../../../node_modules/@ngx-translate/http-loader/fesm2022/ngx-translate-http-loader.mjs",
      "file": "@ngx-translate_http-loader.js",
      "fileHash": "59431152",
      "needsInterop": false
    },
    "@ngx-translate/core": {
      "src": "../../../../../../node_modules/@ngx-translate/core/fesm2022/ngx-translate-core.mjs",
      "file": "@ngx-translate_core.js",
      "fileHash": "fd9194b6",
      "needsInterop": false
    },
    "rxjs/operators": {
      "src": "../../../../../../node_modules/rxjs/dist/esm5/operators/index.js",
      "file": "rxjs_operators.js",
      "fileHash": "3f1ae058",
      "needsInterop": false
    },
    "rxjs": {
      "src": "../../../../../../node_modules/rxjs/dist/esm5/index.js",
      "file": "rxjs.js",
      "fileHash": "a748a92d",
      "needsInterop": false
    }
  },
  "chunks": {
    "chunk-F3ZSUPDB": {
      "file": "chunk-F3ZSUPDB.js"
    },
    "chunk-A2MYQCX4": {
      "file": "chunk-A2MYQCX4.js"
    },
    "chunk-W2BAPFRP": {
      "file": "chunk-W2BAPFRP.js"
    },
    "chunk-FYRMRE7D": {
      "file": "chunk-FYRMRE7D.js"
    },
    "chunk-TL4DGONE": {
      "file": "chunk-TL4DGONE.js"
    },
    "chunk-FFZIAYYX": {
      "file": "chunk-FFZIAYYX.js"
    },
    "chunk-6Q4RANH6": {
      "file": "chunk-6Q4RANH6.js"
    },
    "chunk-CXCX2JKZ": {
      "file": "chunk-CXCX2JKZ.js"
    }
  }
}